AuthorID,BookID,RelAuthorID,Title,Mentions,PrimPub,Image,OriginalLanguage,color_type,LimitedSeries,BookSeries,UnlimitedSeries,ISBN,Directory,AvgRating,NoRatings,OriginalTitle,Name,FirstName,LastName,GenderID,CountryOfOriginID,CountryOfResidence,DateOfDeath,DateOfBirth,Race,PenName
0,0,20,7 Miles A Second,1,5/1/96,7 Miles A Second.jpg,English,colour,0,0,0,978-1-60699-614-0,7_Miles_A_Second,4.01,382,NA,David Wojnarowicz,David,Wojnarowicz,Male,USA,USA,7/22/92,9/14/54,White,
0,28,56,Cairo,6,11/1/07,Cairo.jpg,English,monochrome,0,0,0,978-1-4012-1734-1,Cairo,3.78,1951,NA,David Wojnarowicz,David,Wojnarowicz,Male,USA,USA,7/22/92,9/14/54,White,
0,174,226,Harvey Pekar's Cleveland,8,2/1/12,Harvey Pekar's Cleveland.jpg,English,monochrome,0,0,0,978-1-60309-091-9,Harvey_Pekars_Cleveland,3.99,975,NA,David Wojnarowicz,David,Wojnarowicz,Male,USA,USA,7/22/92,9/14/54,White,
0,152,189,Troubled Souls,0,2/1/90,Troubled Souls.jpg,English,colour,0,0,0,0-85386-174-x,Troubled_Souls,3.42,62,NA,David Wojnarowicz,David,Wojnarowicz,Male,USA,USA,7/22/92,9/14/54,White,
0,52,85,Exit Wounds,5,5/1/07,Exit Wounds.jpg,English,colour,0,0,0,978-1-897299-8,Exit_Wounds,3.57,4,NA,David Wojnarowicz,David,Wojnarowicz,Male,USA,USA,7/22/92,9/14/54,White,
0,5,196,Absolute Justice,0,1/1/08,Absolute Justice.jpg,English,colour,1,0,0,978-1-4012-3526-0,Absolute_Justice,4.17,1228,NA,David Wojnarowicz,David,Wojnarowicz,Male,USA,USA,7/22/92,9/14/54,White,
1,1,22,A Contract With God,31,1/1/78,A Contract with God.png,English,--> black&white,0,0,0,978-0-393-32804-2,A_Contract_With_God,4.07,9146,NA,Will Eisner,Will,Eisner,Male,USA,USA,1/3/05,3/6/17,White,
1,164,200,A Life Force,2,5/1/88,A Life Force.jpg,English,monochrome,0,0,0,978-0-393-32803-5,A_Life_Force,4.12,745,NA,Will Eisner,Will,Eisner,Male,USA,USA,1/3/05,3/6/17,White,
1,180,232,Last Day in Vietnam,1,1/1/00,Last Day in Vietnam.jpg,English,monochrome,0,0,0,978-1-61655-120-9,Last_Day_in_Vietnam,3.7,578,NA,Will Eisner,Will,Eisner,Male,USA,USA,1/3/05,3/6/17,White,
1,150,187,To the Heart of the Storm,1,5/1/91,To the Heart of the Storm.jpg,English,--> black&white,0,0,0,978-0-393-32810-3,To_the_Heart_of_the_Storm,4.09,822,NA,Will Eisner,Will,Eisner,Male,USA,USA,1/3/05,3/6/17,White,
1,136,171,The Name of the Game,0,1/1/01,The Name of the Game.jpg,English,monochrome,0,0,0,978-0-393-328158,The_Name_of_the_Game,3.78,293,NA,Will Eisner,Will,Eisner,Male,USA,USA,1/3/05,3/6/17,White,
3,57,90,From Hell,85,1/1/99,From Hell.jpg,English,monochrome,1,0,0,978-0-9585783-4-9,From_Hell,4.16,28044,NA,Alan Moore,Alan,Moore,Male,UK,UK,,11/18/53,White,
3,107,142,"Saga of the Swamp Thing, Book 1",4,1/1/83,"Saga of the Swamp Thing, Book 1.jpg",English,colour,0,0,1,978-1-4012-2083-9,Saga_of_the_Swamp_Thing_Book_1,4.21,19484,NA,Alan Moore,Alan,Moore,Male,UK,UK,,11/18/53,White,
3,156,193,Watchmen,204,1/1/87,Watchmen.jpg,English,colour,1,0,0,978-3-86607-607-5,Watchmen,4.35,432336,NA,Alan Moore,Alan,Moore,Male,UK,UK,,11/18/53,White,
3,79,113,Lost Girls,32,8/26/06,Lost Girls.jpg,English,colour,1,0,0,978-1-60309-044-5,Lost_Girls,3.59,4982,NA,Alan Moore,Alan,Moore,Male,UK,UK,,11/18/53,White,
3,155,192,V for Vendetta,60,1/1/90,V for Vendetta.jpg,English,colour,1,0,0,978-1-4012-0841-7,V_for_Vendetta,4.25,226860,NA,Alan Moore,Alan,Moore,Male,UK,UK,,11/18/53,White,
3,151,186,Top 10: The Forty-Niners,5,1/1/05,Top 10. The Forty-Niners.jpg,English,colour,0,1,0,1-4012-0573-9,Top_10_The_Forty-Niners,3.92,2183,NA,Alan Moore,Alan,Moore,Male,UK,UK,,11/18/53,White,
3,3,24,A Small Killing,5,10/3/91,A Small Killing.JPG,English,colour,0,0,0,1-59291-009-0,A_Small_Killing,3.4,731,NA,Alan Moore,Alan,Moore,Male,UK,UK,,11/18/53,White,
4,4,25,Tale of Sand,0,12/14/11,Tale of Sand.jpg,English,colour,0,0,0,978-1-936393-09-1,Tale_of_Sand,3.78,2386,NA,Jim Henson,Jim,Henson,Male,USA,USA,5/16/90,9/24/36,White,
5,4,26,Tale of Sand,0,12/14/11,Tale of Sand.jpg,English,colour,0,0,0,978-1-936393-09-1,Tale_of_Sand,3.78,2386,NA,Jerry Juhl,Jerry,Juhl,Male,USA,USA,9/26/05,7/27/38,White,
6,5,27,Absolute Justice,0,1/1/08,Absolute Justice.jpg,English,colour,1,0,0,978-1-4012-3526-0,Absolute_Justice,4.17,1228,NA,Alex Ross,Alex,Ross,Male,USA,USA,,1/22/70,White,
7,5,28,Absolute Justice,0,1/1/08,Absolute Justice.jpg,English,colour,1,0,0,978-1-4012-3526-0,Absolute_Justice,4.17,1228,NA,Jim Krueger,Jim,Krueger,Male,USA,USA,,,White,
8,6,29,Age of Ultron,0,1/1/13,Age of Ultron.jpg,English,colour,1,0,0,978-0-7851-5566-9,,3.65,507,NA,Brian Michael Bendis,Brian Michael,Bendis,Male,USA,USA,,8/18/67,White,
10,8,31,American Born Chinese,23,9/1/06,American Born Chinese.jpg,English,colour,0,0,0,978-1-59643-152-2,American_Born_Chinese,3.88,55360,NA,Gene Luen Yang,Gene Luen,Yang,Male,USA,USA,,8/9/73,Asian,
11,174,225,Harvey Pekar's Cleveland,8,2/1/12,Harvey Pekar's Cleveland.jpg,English,monochrome,0,0,0,978-1-60309-091-9,Harvey_Pekars_Cleveland,3.99,975,NA,Harvey Pekar,Harvey,Pekar,Male,USA,USA,7/12/10,10/8/39,White,
11,9,32,American Splendor,27,1/1/86,American Splendor.jpg,English,--> black&white,0,0,1,978-0-345-46830-7,American_Splendor,4.04,6456,NA,Harvey Pekar,Harvey,Pekar,Male,USA,USA,7/12/10,10/8/39,White,
11,94,128,Our Cancer Year,3,10/13/94,Our Cancer Year.jpg,English,monochrome,0,0,0,1-56858-011-8,Our_Cancer_Year,3.88,1095,NA,Harvey Pekar,Harvey,Pekar,Male,USA,USA,7/12/10,10/8/39,White,
12,10,33,American Widow,8,9/1/08,American Widow.jpg,English,colour,0,0,0,978-0-345-50069-4,American_Widow,3.31,966,NA,Alissa Torres,Alissa,Torres,Female,,USA,,,Unknown,
13,11,34,Asterios Polyp,8,7/7/09,Asterios Polyp.jpg,English,colour,0,0,0,978-0-307-37732-6,Asterios_Polyp,4.19,21176,NA,David Mazzucchelli,David,Mazzucchelli,Male,USA,USA,,9/21/60,Unknown,
14,64,97,"Hellboy Library Edition, Volume 2: The Chained Coffin, The Right Hand of Doom, and Others",25,10/15/08,"Hellboy, Vol. 2. The Chained Coffin, The Right Hand of Doom.jpg",English,colour,1,0,0,978-1-59307-989-5,Hellboy_Library_Edition_Volume_2_The_Chained_Coffin_The_Right_Hand_of_Doom_and_Others,4.55,1158,NA,Mike Mignola,Mike,Mignola,Male,USA,USA,,9/16/60,White,
14,63,96,"Hellboy Library Edition, Volume 1: Seed of Destruction and Wake the Devil",25,1/1/08,"Hellboy, Vol. 1. Seed of Destruction and Wake the Devil.jpg",English,colour,1,0,0,978-1-59307-910-9,Hellboy_Library_Edition_Volume_1_Seed_of_Destruction_and_Wake_the_Devil,4.46,2120,NA,Mike Mignola,Mike,Mignola,Male,USA,USA,,9/16/60,White,
21,15,42,Batman: Dark Victory,1,1/1/99,Batman. Dark Victory.jpg,English,colour,1,0,0,978-1-4012-4401-9,Batman_Dark_Victory,4.12,24211,NA,Jeph Loeb,Jeph,Loeb,Male,USA,USA,,1/29/58,White,
21,18,45,Batman: The Long Halloween,3,1/1/97,Batman. The Long Halloween.jpg,English,colour,0,0,0,978-1-4012-3259-7,Batman_The_Long_Halloween,4.3,63584,NA,Jeph Loeb,Jeph,Loeb,Male,USA,USA,,1/29/58,White,
22,41,70,Daredevil: The Man Without Fear,2,10/1/93,Daredevil. The Man Without Fear.jpg,English,colour,1,0,0,978-0-7851-3479-4,Daredevil_The_Man_Without_Fear,4.19,5045,NA,Frank Miller,Frank,Miller,Male,USA,USA,,1/27/57,White,
22,283,342,Sin City. Family Values,54,10/1/97,Sin City. Family Values.jpeg,English,--> black&white,1,0,0,978-1-59307-297-1,,3.88,7,NA,Frank Miller,Frank,Miller,Male,USA,USA,,1/27/57,White,
22,19,46,Batman: Year One,8,2/1/87,Batman. Year One.jpg,English,colour,1,0,0,978-1-4012-0752-6,Batman_Year_One,4.22,170768,NA,Frank Miller,Frank,Miller,Male,USA,USA,,1/27/57,White,
22,113,148,Sin City. The Hard Goodbye,54,1/1/92,Sin City. The Hard Goodbye.jpg,English,--> black&white,1,0,0,978-1-59307-293-3,Sin_City_The_Hard_Goodbye,4.16,45288,NA,Frank Miller,Frank,Miller,Male,USA,USA,,1/27/57,White,
22,40,69,Daredevil: Born Again,1,2/1/86,Daredevil. Born Again.jpg,English,colour,1,0,0,978-0-7851-3481-7,Daredevil_Born_Again,4.32,9135,NA,Frank Miller,Frank,Miller,Male,USA,USA,,1/27/57,White,
22,16,43,Batman: The Dark Knight Returns,3,2/1/86,Batman. The Dark Knight Returns.jpg,English,colour,1,0,0,978-1-56389-342-1,Batman_The_Dark_Knight_Returns,4.25,147454,NA,Frank Miller,Frank,Miller,Male,USA,USA,,1/27/57,White,
22,50,82,Elektra Lives Again,1,3/1/90,Elektra Lives Again.jpg,English,colour,0,0,0,0-7851-0279-5,Elektra_Lives_Again,3.77,920,NA,Frank Miller,Frank,Miller,Male,USA,USA,,1/27/57,White,
23,20,47,Beasts of Burden: Animal Rites,0,6/30/10,Beasts of Burden. Animal Rites.jpg,English,colour,1,1,0,978-1-59582-513-1,Beasts_of_Burden_Animal_Rites,4.15,3512,NA,Evan Dorkin,Evan,Dorkin,Male,USA,USA,,4/20/65,White,
24,21,48,Beowulf,11,10/1/07,Beowulf.jpg,English,monochrome,0,0,0,978-1-905692-25-5,Beowulf,3.27,48,NA,Stephen L. Stern,Stephen L.,Stern,Male,USA,USA,,,White,
25,195,247,Killing and Dying,0,10/1/15,Killing and Dying.jpg,English,colour,0,0,0,978-1-77046-209-0,Killing_and_Dying,3.97,5111,NA,Adrian Tomine,Adrian,Tomine,Male,USA,USA,,5/13/74,Asian,
25,111,146,Shortcomings,13,9/20/07,Shortcomings.jpg,English,--> black&white,1,0,0,978-1-897299-75-3,Shortcomings,3.64,10593,NA,Adrian Tomine,Adrian,Tomine,Male,USA,USA,,5/13/74,Asian,
26,137,172,The Originals,14,11/3/04,The Originals.jpg,English,--> bichrome,0,0,0,1-4012-0356-6,The_Originals,3.1,467,NA,Dave Gibbons,Dave,Gibbons,Male,UK,UK,,4/14/49,White,
30,58,91,Fun Home,68,6/8/06,Fun Home.jpg,English,monochrome,0,0,0,978-0-618-87171-1,Fun_Home,4.1,94747,NA,Alison Bechdel,Alison,Bechdel,Female,USA,USA,,9/10/60,White,
30,169,220,Are You My Mother? A Comic Drama,4,5/1/12,Are You My Mother. A Comic Drama.jpg,English,colour,0,0,0,978-0-544-00223-4,Are_You_My_Mother_A_Comic_Drama,3.67,21281,NA,Alison Bechdel,Alison,Bechdel,Female,USA,USA,,9/10/60,White,
31,77,110,Logicomix: An Epic Search for Truth,5,9/29/09,Logicomix. An Epic Search for Truth.jpg,English,colour,0,0,0,978-1-59691-452-0,Logicomix_An_Epic_Search_for_Truth,4.01,13170,NA,Apostolos Doxiadis,Apostolos,Doxiadis,Male,Australia,Greece,,6/6/53,White,
32,77,111,Logicomix: An Epic Search for Truth,5,9/29/09,Logicomix. An Epic Search for Truth.jpg,English,colour,0,0,0,978-1-59691-452-0,Logicomix_An_Epic_Search_for_Truth,4.01,13170,NA,Christos Papadimitriou,Christos,Papadimitriou,Male,Greece,USA,,8/16/49,White,
33,127,162,The Complete Maus,294,11/1/96,The Complete Maus.jpg,English,--> black&white,1,0,0,0-679-40641-7,The_Complete_Maus,4.53,93701,NA,Art Spiegelman,Art,Spiegelman,Male,Sweden,USA,,2/15/48,White,
34,134,169,The Jew of New York,8,12/7/98,The Jew of New York.jpg,English,monochrome,1,0,0,978-0-375-70097-2,The_Jew_of_New_York,3.61,244,NA,Ben Katchor,Ben,Katchor,Male,USA,USA,,1/1/51,White,
35,53,86,Fables: 1001 Nights of Snowfall,24,10/18/06,Fables. 1001 Nights of Snowfall.jpg,English,colour,0,0,0,978-1-401-203696,Fables_1001_Nights_of_Snowfall,4.15,12685,NA,Bill Willingham,Bill,Willingham,Male,USA,USA,,1/1/56,White,
36,37,66,Complete Multiple Warheads TP,0,1/8/14,Complete Multiple Warheads TP.jpg,English,colour,1,0,0,978-1-60706-840-2,,3.86,322,NA,Brandon Graham,Brandon,Graham,Male,USA,USA,,1/1/76,White,
36,261,327,King City,0,3/7/12,King City.jpg,English,monochrome,0,0,0,978-1-60706-510-4,,3.99,2008,NA,Brandon Graham,Brandon,Graham,Male,USA,USA,,1/1/76,White,
37,86,120,Mom's Cancer,1,1/1/04,Mom's Cancer.jpg,English,monochrome,0,0,0,978-0-8109-7107-3,Moms_Cancer,3.86,1135,NA,Brian Fies,Brian,Fies,Male,,,,,Unknown,
38,145,181,The Tale of One Bad Rat,3,10/1/95,The Tale of One Bad Rat.jpg,English,colour,1,0,0,978-0-224-08470-3,The_Tale_of_One_Bad_Rat,3.88,2476,NA,Bryan Talbot,Bryan,Talbot,Male,UK,UK,,2/24/52,White,
39,55,88,The Finder Library. Volume 1,1,3/1/11,The Finder Library. Vol. 1.jpg,English,--> black&white,0,0,1,978-1-59582-652-7,The_Finder_Library_Volume_1,4.13,756,NA,Carla Speed McNeill,Carla Speed,McNeill,Female,USA,USA,,,White,
40,24,51,Black Hole,15,10/18/05,Black Hole.jpg,English,--> black&white,1,0,0,0-224-07778-3,Black_Hole,3.83,36456,NA,Charles Burns,Charles,Burns,Male,USA,USA,,9/27/55,White,
41,178,230,Ed the Happy Clown,2,1/1/92,Ed the Happy Clown.jpg,English,--> black&white,0,0,0,978-1-77046-075-1,Ed_the_Happy_Clown,3.93,1166,NA,Chester Brown,Chester,Brown,Male,Canada,Canada,,5/16/60,White,
41,182,234,Louis Riel: A Comic-Strip Biography,10,1/1/03,Louis Riel. A Comic-Strip Biography.jpg,English,--> black&white,1,0,0,9.78E+12,,3.86,4,NA,Chester Brown,Chester,Brown,Male,Canada,Canada,,5/16/60,White,
41,211,264,The Playboy,11,1/1/92,The Playboy.jpg,English,--> black&white,1,0,0,978-1-77046-118-5,The_Playboy,3.72,1202,NA,Chester Brown,Chester,Brown,Male,Canada,Canada,,5/16/60,White,
41,210,263,Paying For It,4,5/10/11,Paying For It.jpg,English,--> black&white,0,0,0,978-1-77046-119-2,,3.64,3984,NA,Chester Brown,Chester,Brown,Male,Canada,Canada,,5/16/60,White,
41,67,101,I Never Liked You,4,1/1/94,I Never Liked You.jpg,English,monochrome,1,0,0,978-1-896597-14-0,I_Never_Liked_You,3.75,4769,NA,Chester Brown,Chester,Brown,Male,Canada,Canada,,5/16/60,White,
41,203,256,Mary Wept Over the Feet of Jesus,0,1/1/16,Mary Wept Over the Feet of Jesus.jpg,English,--> black&white,0,0,0,978-1-77046-234-2,Mary_Wept_Over_the_Feet_of_Jesus,3.68,647,NA,Chester Brown,Chester,Brown,Male,Canada,Canada,,5/16/60,White,
42,73,106,Jimmy Corrigan: The Smartest Kid on Earth,60,9/12/00,Jimmy Corrigan. The Smartest Kid on Earth.jpg,English,colour,1,0,0,0-375-40453-5,Jimmy_Corrigan_The_Smartest_Kid_on_Earth,4.1,19876,NA,Chris Ware,Chris,Ware,Male,USA,USA,,12/28/67,White,
42,26,53,Building Stories,27,10/1/12,Building Stories.jpg,English,colour,0,0,0,978-0375424335,,4.29,5690,NA,Chris Ware,Chris,Ware,Male,USA,USA,,12/28/67,White,
43,31,60,Carnet De Voyage,5,8/3/04,Carnet de Voyage (Travel Journal).jpg,English,--> black&white,0,0,0,978-1-891830-60-0,Carnet_De_Voyage,3.74,4184,NA,Craig Thompson,Craig,Thompson,Male,USA,USA,,9/21/75,White,
43,173,223,Habibi,2,9/20/11,Habibi.jpg,English,monochrome,0,0,0,978-0-571-24132-3,Habibi,4.03,30671,NA,Craig Thompson,Craig,Thompson,Male,USA,USA,,9/21/75,White,
43,158,57,Blankets,9,7/23/03,Blankets.jpg,English,--> black&white,0,0,0,978-1-891830-43-3,Blankets,4.06,76270,NA,Craig Thompson,Craig,Thompson,Male,USA,USA,,9/21/75,White,
44,45,74,Deadpool Kills the Marvel Universe,0,8/1/11,Deadpool Kills the Marvel Universe.jpg,English,colour,1,0,0,978-0-7851-6403-6,Deadpool_Kills_the_Marvel_Universe,3.86,8598,NA,Cullen Bunn,Cullen,Bunn,Male,USA,USA,,1/1/71,White,
45,214,267,David Boring,11,9/12/00,David Boring.JPG,English,monochrome,1,0,0,978-0-375-71452-8,David_Boring,3.8,7152,NA,Daniel Clowes,Daniel,Clowes,Male,USA,USA,,4/14/61,White,
45,61,94,Ghost World,18,1/1/97,Ghost World.png,English,--> bichrome,1,0,0,978-1-560-97427-7,Ghost_World,3.86,54483,NA,Daniel Clowes,Daniel,Clowes,Male,USA,USA,,4/14/61,White,
45,212,265,Like a Velvet Glove Cast in Iron,4,1/17/93,Like a Velvet Glove Cast in Iron.jpg,English,monochrome,1,0,0,978-1-56097-116-0,Like_a_Velvet_Glove_Cast_in_Iron,4.06,6155,NA,Daniel Clowes,Daniel,Clowes,Male,USA,USA,,4/14/61,White,
45,213,266,Ice Haven,3,6/7/05,Ice Haven.jpg,English,colour,1,0,0,978-0-375-71469-6,Ice_Haven,3.85,5311,NA,Daniel Clowes,Daniel,Clowes,Male,USA,USA,,4/14/61,White,
46,262,329,Richard Stark's Parker: The Hunter,0,6/1/09,Richard Stark's Parker. The Hunter.jpg,English,monochrome,0,0,0,978-1613773994,,4.2,6388,NA,Darwyn Cooke,Darwyn,Cooke,Male,Canada,Canada,,1/1/62,White,
46,44,73,DC: The New Frontier,3,12/1/04,DC. The New Frontier.jpg,English,colour,1,0,0,978-1-4012-4888-8,DC_The_New_Frontier,4.41,4307,NA,Darwyn Cooke,Darwyn,Cooke,Male,Canada,Canada,,1/1/62,White,
46,186,238,Richard Stark's Parker: The Score,1,7/24/12,Richard Stark's Parker. The Score.jpg,English,colour,0,0,0,978-1613772089,Richard_Starks_Parker_The_Score,4.28,2060,NA,Darwyn Cooke,Darwyn,Cooke,Male,Canada,Canada,,1/1/62,White,
46,105,331,Richard Stark's Parker: Slayground,0,12/17/13,Richard Stark's Parker. Slayground.jpg,English,colour,0,0,0,978-1613778128,Richard_Starks_Parker_Slayground,4.06,1033,NA,Darwyn Cooke,Darwyn,Cooke,Male,Canada,Canada,,1/1/62,White,
47,27,54,Cages,8,1/1/98,Cages.jpg,English,colour,1,0,0,978-1-59582-316-8,Cages,4.13,2237,NA,Dave McKean,Dave,McKean,Male,UK,UK,,12/29/63,White,
48,141,176,The Rocketeer,4,3/1/90,The Rocketeer.jpg,English,colour,0,0,1,978-1600105388,The_Rocketeer,4.07,1108,NA,Dave Stevens,Dave,Stevens,Male,USA,USA,3/11/08,7/29/55,White,
50,108,143,Same Difference,6,1/1/04,Same Difference.jpg,English,monochrome,0,0,0,978-1-59643-657-2,Same_Difference,3.67,1940,NA,Derek Kirk Kim,Derek Kirk,Kim,Male,South Korea,USA,,1/1/74,Asian,
52,68,100,Icon. Vol.1: A Hero's Welcome,1,1/1/97,Icon. Vol. 1. A Hero's Welcome.jpg,English,colour,0,0,1,978-1-4012-2549-0,Icon_Vol1_A_Heros_Welcome,4,134,NA,Dwayne McDuffle,Dwayne,McDuffle,Male,,USA,2/21/11,2/20/62,African American,
53,65,98,Hicksville,7,10/20/98,Hicksville.jpg,English,--> black&white,0,0,0,9.78E+12,Hicksville,3.89,1616,NA,Dylan Horrocks,Dylan,Horrocks,Male,New Zealand,New Zealand,,1/1/66,White,
55,59,92,Gaylord Phoenix,1,11/1/07,Gaylord Phoenix.jpg,English,--> black&white,1,0,0,978-0-9799609-8-7,Gaylord_Phoenix,4.11,82,NA,Edie Fake,Edie,Fake,Male,USA,USA,,1/1/80,White,
56,82,116,"Marbles: Mania, Depression, Michelangelo, and Me: A Graphic Memoir",1,11/6/12,"Marbles. Mania, Depression, Michelangelo, and Me. A Graphic Memoir.jpg",English,--> black&white,0,0,0,978-1-592-40732-3,Marbles_Mania_Depression_Michelangelo_and_Me_A_Graphic_Memoir,3.95,10648,NA,Ellen Forney,Ellen,Forney,Female,USA,USA,,3/8/68,White,
61,28,55,Cairo,6,11/1/07,Cairo.jpg,English,monochrome,0,0,0,978-1-4012-1734-1,Cairo,3.78,1951,NA,G. Willow Wilson,G. Willow,Wilson,Female,USA,USA,,8/31/82,White,
63,43,72,Daytripper,2,2/1/10,Daytripper.jpg,English,colour,1,0,0,978-1-4012-2969-6,Daytripper,4.31,20498,NA,Gabriel Ba,Gabriel,Ba,Male,Brazil,Brazil,,6/5/76,Hispanic Origin,
64,152,188,Troubled Souls,0,2/1/90,Troubled Souls.jpg,English,colour,0,0,0,0-85386-174-x,Troubled_Souls,3.42,62,NA,Garth Ennis,Garth,Ennis,Male,UK,UK,,1/16/70,White,
67,144,179,The Sworn Sword: The Graphic Novel (A Game of Thrones),0,7/2/08,The Sworn Sword. The Graphic Novel (A Game of Thrones).jpg,English,colour,0,1,0,978-1-477-84929-3,,4.12,6004,NA,George R. R. Martin,George R. R.,Martin,Male,USA,USA,,9/20/48,White,
67,255,320,A Game of Thrones: The Graphic Novel Vol.1,1,3/27/12,A Game of Thrones.jpg,English,colour,0,1,0,978-0-440-42321-8,,4.47,27632,NA,George R. R. Martin,George R. R.,Martin,Male,USA,USA,,9/20/48,White,
67,132,167,The Hedge Knight: The Graphic Novel (A Game of Thrones),0,6/1/04,The Hedge Knight. The Graphic Novel (A Game of Thrones).jpg,English,colour,0,1,0,978-1-477-84910-1,,4.11,17755,NA,George R. R. Martin,George R. R.,Martin,Male,USA,USA,,9/20/48,White,
68,132,208,The Hedge Knight: The Graphic Novel (A Game of Thrones),0,6/1/04,The Hedge Knight. The Graphic Novel (A Game of Thrones).jpg,English,colour,0,1,0,978-1-477-84910-1,,4.11,17755,NA,Ben Avery,Ben,Avery,Male,USA,USA,,,White,
68,144,180,The Sworn Sword: The Graphic Novel (A Game of Thrones),0,7/2/08,The Sworn Sword. The Graphic Novel (A Game of Thrones).jpg,English,colour,0,1,0,978-1-477-84929-3,,4.12,6004,NA,Ben Avery,Ben,Avery,Male,USA,USA,,,White,
69,96,131,"Palomar: The Heartbreak Soup Stories, A Love and Rockets Book",10,7/1/03,"Palomar. The Heartbreak Soup Stories, A Love and Rockets Book.jpg",English,--> black&white,1,0,0,978-1-560-97783-4,Palomar_The_Heartbreak_Soup_Stories_A_Love_and_Rockets_Book,4.35,1496,NA,Gilbert Hernandez,Gilbert,Hernandez,Male,USA,USA,,2/1/57,Other Race,
69,166,202,"Love and Rockets, Vol. 12: Poison River",50,1/1/94,"Love and Rockets, Vol. 12. Poison River.jpg",English,--> black&white,0,0,1,1-56097-151-7,Love_and_Rockets_Vol_12_Poison_River,4.4,224,NA,Gilbert Hernandez,Gilbert,Hernandez,Male,USA,USA,,2/1/57,Other Race,
71,94,129,Our Cancer Year,3,10/13/94,Our Cancer Year.jpg,English,monochrome,0,0,0,1-56858-011-8,Our_Cancer_Year,3.88,1095,NA,Joyce Brabner,Joyce,Brabner,Female,USA,USA,,3/1/52,White,
72,115,150,Stuck Rubber Baby,7,1/1/95,Stuck Rubber Baby.jpg,English,monochrome,0,0,0,1-56389-255-3,Stuck_Rubber_Baby,3.99,3861,NA,Howard Cruse,Howard,Cruse,Male,USA,USA,,5/2/44,White,
73,22,49,"Berlin, Vol. 2: City of Smoke",0,9/1/08,Berlin. City of Smoke. Book Two.jpg,English,monochrome,1,1,0,978-1-897299-53-1,Berlin_Vol_2_City_of_Smoke,4.08,1853,NA,Jason Lutes,Jason,Lutes,Male,USA,USA,,12/7/67,White,
73,162,199,Jar of Fools,1,1/1/94,Jar of Fools.jpg,English,--> black&white,1,0,0,1-896597-72-6,Jar_of_Fools,3.79,1427,NA,Jason Lutes,Jason,Lutes,Male,USA,USA,,12/7/67,White,
73,23,50,"Berlin, Vol.1: City of Stones",2,6/1/00,Berlin. City of Stones. Book One.jpg,English,monochrome,1,0,0,978-1-896597-29-4,Berlin_Vol1_City_of_Stones,3.93,4475,NA,Jason Lutes,Jason,Lutes,Male,USA,USA,,12/7/67,White,
75,126,161,Collected Essex County,5,6/15/09,Collected Essex Country.jpg,English,--> black&white,1,0,0,978-1-60309-038-4,Collected_Essex_County,4.3,7546,NA,Jeff Lemire,Jeff,Lemire,Male,Canada,Canada,,3/21/76,White,
76,266,335,Bone: The Complete Cartoon Epic in One Volume,14,1/1/04,Bone. The Complete Cartoon Epic in One Volume.jpg,English,--> black&white,0,1,0,978-1-888963-14-4,,4.42,29805,NA,Jeff Smith,Jeff,Smith,Male,USA,USA,,2/27/60,White,
76,102,137,RASL,1,9/17/13,RASL.jpg,English,colour,1,0,0,978-188896337-3,RASL,3.74,1317,NA,Jeff Smith,Jeff,Smith,Male,USA,USA,,2/27/60,White,
78,69,102,The Infinity Gauntlet,1,1/1/91,The Infinity Gauntlet.jpg,English,colour,1,0,0,978-0-7851-5659-8,The_Infinity_Gauntlet,4.07,8124,NA,Jim Starlin,Jim,Starlin,Male,USA,USA,,10/9/49,White,
79,54,87,Fax from Sarajevo,3,11/1/96,Fax from Sarajevo.png,English,colour,0,0,0,1-56971-346-4,Fax_from_Sarajevo,3.85,564,NA,Joe Kubert,Joe,Kubert,Male,Poland,USA,8/12/12,9/18/26,White,
80,95,130,Palestine,33,1/1/96,Palestine.jpg,English,monochrome,1,0,0,978-0-22406-982-3,Palestine,4.2,11888,NA,Joe Sacco,Joe,Sacco,Male,Malta,USA,,10/2/60,White,
80,106,141,"Safe Area Gorau017ede: The War in Eastern Bosnia, 1992-1995",2,1/1/00,"Safe Area Gorau017ede. The War in Eastern Bosnia, 1992-1995.jpg",English,--> black&white,0,0,0,978-0-224-08089-7,,4.27,7097,NA,Joe Sacco,Joe,Sacco,Male,Malta,USA,,10/2/60,White,
80,175,227,Footnotes in Gaza,17,1/1/09,Footnotes in Gaza.jpg,English,--> black&white,0,0,0,978-0-805-09277-6,Footnotes_in_Gaza,4.27,3863,NA,Joe Sacco,Joe,Sacco,Male,Malta,USA,,10/2/60,White,
80,176,228,Bumf Vol. 1: I Buggered The Kaiser,0,7/15/14,Bumf. Vol.1. I Buggered The Kaiser.png,English,--> black&white,0,0,0,978-0-224-10198-1,Bumf_Vol_1_I_Buggered_The_Kaiser,3.35,193,NA,Joe Sacco,Joe,Sacco,Male,Malta,USA,,10/2/60,White,
81,84,118,March: Book Two,1,1/20/15,March. Book Two.jpg,English,monochrome,0,0,0,978-1-60309-400-9,March_Book_Two,4.53,12848,NA,John Lewis,John,Lewis,Male,USA,USA,,2/21/40,African American,
81,83,117,March: Book One,1,8/13/13,March. Book One.jpg,English,monochrome,0,0,0,978-1-60309-300-2,March_Book_One,4.35,25082,NA,John Lewis,John,Lewis,Male,USA,USA,,2/21/40,African American,
82,99,134,"Pedro and Me: Friendship, Loss, and What I Learned",1,1/1/00,"Pedro and Me. Friendship, Loss, and What I Learned.jpg",English,--> black&white,0,0,0,978-0-8050-8964-6,Pedro_and_Me_Friendship_Loss_and_What_I_Learned,3.96,2287,NA,Judd Winick,Judd,Winick,Male,USA,USA,,2/12/70,White,
84,149,185,"The Wicked + The Divine, Vol. 1: The Faust Act",0,11/12/14,"The Wicked and the Devine, Vol 1. The Faust Act.png",English,colour,0,0,1,978-1-63215-918-5,,3.87,36402,NA,Kieron Gillen,Kieron,Gillen,Male,UK,UK,,1/1/75,White,
85,124,159,The Boulevard of Broken Dreams,3,9/24/02,The Boulevard of Broken Dreams.jpg,English,monochrome,0,0,0,0-375-42191-2,The_Boulevard_of_Broken_Dreams,3.85,788,NA,Kim Deitch,Kim,Deitch,Male,USA,,,1/1/44,White,
86,89,123,Nat Turner,11,6/15/06,Nat Turner.jpg,English,monochrome,1,0,0,978-0-8109-7227-8,Nat_Turner,3.96,863,NA,Kyle Baker,Kyle,Baker,Male,USA,USA,,1/1/65,African American,
86,129,164,The Cowboy Wally Show,2,1/1/96,The Cowboy Wally Show.jpg,English,--> black&white,0,0,0,1-4012-0050-8,The_Cowboy_Wally_Show,3.87,249,NA,Kyle Baker,Kyle,Baker,Male,USA,USA,,1/1/65,African American,
86,179,231,You Are Here,1,11/1/98,You Are Here.jpg,English,colour,0,0,0,1-56389-442-4,You_Are_Here,3.72,224,NA,Kyle Baker,Kyle,Baker,Male,USA,USA,,1/1/65,African American,
86,163,198,Why I Hate Saturn,4,1/1/90,Why I Hate Saturn.jpg,English,colour,0,1,0,1-930289-72-2,Why_I_Hate_Saturn,3.86,855,NA,Kyle Baker,Kyle,Baker,Male,USA,USA,,1/1/65,African American,
87,88,122,Narcissa,0,9/17/02,Narcissa.jpg,English,monochrome,0,0,0,0-385-50342-3,Narcissa,3.59,27,NA,Lance Tooks,Lance,Tooks,Male,USA,USA,,,African American,
88,153,190,Unterzakhn,6,4/3/12,Unterzakhn.jpg,English,monochrome,0,0,0,978-0-8052-4259-1,Unterzakhn,3.75,1820,NA,Leela Corman,Leela,Corman,Female,,USA,,,Unknown,
89,42,71,Darkroom: A Memoir in Black and White,0,2/16/12,Darkroom. A Memoir in Black and White.jpg,English,monochrome,0,0,0,978-0-8173-5714-6,Darkroom_A_Memoir_in_Black_and_White,4.03,410,NA,Lila Quintero Weaver,Lila Quintero,Weaver,Female,Argentina,USA,,1/1/55,Hispanic Origin,
90,32,61,Castle Waiting Vol. 2: The Definitive Edition,2,5/17/13,Castle Waiting. Vol. 2. The Definitive Edition.jpg,English,monochrome,0,1,0,978-1-60699-633-1,,4.17,2196,NA,Linda Medley,Linda,Medley,Female,USA,USA,,5/17/64,White,
95,91,125,One Hundred Demons,13,8/13/02,One Hundred Demons.jpg,English,colour,0,0,0,978-1-57061-459-0,,4.17,6979,NA,Lynda Barry,Lynda,Barry,Female,USA,USA,,1/2/56,Other Race,
95,131,166,The Greatest of Marlys,0,1/7/00,The Greatest of Marlys.jpg,English,--> black&white,0,0,0,978-1-77046-264-9,The_Greatest_of_Marlys,4.43,1427,NA,Lynda Barry,Lynda,Barry,Female,USA,USA,,1/2/56,Other Race,
96,208,261,This One Summer,0,5/6/14,This One Summer.jpg,English,monochrome,0,0,0,978-1-59643-774-6,This_One_Summer,3.67,38729,NA,Mariko Tamaki,Mariko,Tamaki,Female,Canada,Canada,,,Other Race,
96,114,149,Skim,6,1/1/08,Skim.jpg,English,monochrome,0,0,0,978-0-88899-964-1,Skim,3.79,9856,NA,Mariko Tamaki,Mariko,Tamaki,Female,Canada,Canada,,,Other Race,
97,30,59,Cancer Vixen: A True Story,3,9/26/06,Cancer Vixen. A True Story.jpg,English,colour,0,0,0,978-0-375-71474-0,Cancer_Vixen_A_True_Story,3.73,1266,NA,Marisa Acocella Marchetto,Marisa Acocella,Marchetto,Female,USA,USA,,1/1/62,White,
99,81,115,Mail Order Bride,2,1/1/01,Mail Order Bride.jpg,English,--> black&white,0,0,0,1-56097-410-9,Mail_Order_Bride,3.69,243,NA,Mark Kalesniko,Mark,Kalesniko,Male,Canada,USA,,,White,
100,36,65,Civil War,37,4/1/07,Civil War.jpg,English,colour,1,0,0,978-0-7851-2179-4,Civil_War,4.05,28329,NA,Mark Millar,Mark,Millar,Male,UK,UK,,12/24/69,White,
100,117,152,Superman: Red Son,1,1/1/03,Superman. Red Son.jpg,English,colour,1,0,0,978-1-4012-4711-9,,4.17,40497,NA,Mark Millar,Mark,Millar,Male,UK,UK,,12/24/69,White,
101,62,95,"Hawkeye, Vol. 1: My Life as a Weapon",6,3/13/13,"Hawkeye, Vol. 1. My Life as a Weapon.jpg",English,colour,0,0,1,978-0-7851-6562-0,Hawkeye_Vol_1_My_Life_as_a_Weapon,4.14,37197,NA,Matt Fraction,Matt,Fraction,Male,USA,USA,,12/1/75,White,
101,110,145,"Sex Criminals, Vol. 2: Two Worlds, One Cop",0,2/1/15,"Sex Criminals, Vol. 2. Two Worlds, One Cop.jpg",English,colour,0,0,1,978-1-63215-193-3,Sex_Criminals_Vol_2_Two_Worlds_One_Cop,4.06,11002,NA,Matt Fraction,Matt,Fraction,Male,USA,USA,,12/1/75,White,
101,109,144,"Sex Criminals, Vol. 1: One Weird Trick",0,4/16/14,"Sex Criminals, Vol. 1. One Weird Trick.jpg",English,colour,0,0,1,978-1-60706-946-1,Sex_Criminals_Vol_1_One_Weird_Trick,3.97,24725,NA,Matt Fraction,Matt,Fraction,Male,USA,USA,,12/1/75,White,
103,103,138,Red: A Haida Manga,1,1/1/09,Red. A Haida Manga.jpg,English,colour,0,0,0,978-1-177162-022-2,Red_A_Haida_Manga,3.37,240,NA,Michael Nicoll Yahgulanaas,Michael Nicoll,Yahgulanaas,Male,Canada,Canada,,1/1/54,Native American,
104,98,133,Paul Joins the Scouts,0,11/10/11,Paul Joins the Scouts.jpg,English,monochrome,0,0,0,978-1-894994-69-9,Paul_Joins_the_Scouts,4.28,753,NA,Michel Rabagliati,Michel,Rabagliati,Male,Canada,Canada,,1/1/61,White,
104,97,132,Paul Has a Summer Job,0,8/1/02,Paul Has a Summer Job.jpg,English,monochrome,0,0,0,1-896597-54-8,Paul_Has_a_Summer_Job,4.04,1759,NA,Michel Rabagliati,Michel,Rabagliati,Male,Canada,Canada,,1/1/61,White,
105,154,191,Unwritten Vol. 1: Tommy Taylor and the Bogus Identity,12,1/12/10,Unwritten Vol. 1. Tommy Taylor and the Bogus Identity.jpg,English,colour,0,0,1,978-1-4012-2565-0,,3.74,18375,NA,Mike Carey,Mike,Carey,Male,UK,UK,,1/1/59,White,
107,118,153,Swallow Me Whole,1,7/8/08,Swallow Me Whole.jpg,English,monochrome,0,0,0,1-60309-033-9,Swallow_Me_Whole,3.66,2385,NA,Nate Powell,Nate,Powell,Male,USA,USA,,1/1/78,White,
108,142,178,The Sandman. Vol. 1: Preludes & Nocturnes,96,1/1/91,The Sandman. Vol. 1. Preludes and Nocturnes.jpg,English,colour,0,0,1,978-1-4012-2575-9,The_Sandman_Vol_1_Preludes_Nocturnes,4.28,155850,NA,Neil Gaiman,Neil,Gaiman,Male,UK,USA,,11/10/60,White,
108,148,184,The Tragical Comedy or Comical Tragedy of Mr. Punch,3,1/1/94,The Tragical Comedy or Comical Tragedy of Mr. Punch.jpg,English,colour,0,0,0,978-0-7475-8844-3,The_Tragical_Comedy_or_Comical_Tragedy_of_Mr_Punch,3.78,6525,NA,Neil Gaiman,Neil,Gaiman,Male,UK,USA,,11/10/60,White,
108,112,147,Signal to Noise,8,10/13/92,Signal to Noise.jpg,English,colour,1,0,0,978-1-59307-752-5,Signal_to_Noise,3.84,3608,NA,Neil Gaiman,Neil,Gaiman,Male,UK,USA,,11/10/60,White,
108,122,157,The Books of Magic,4,4/14/93,The Books of Magic.jpg,English,colour,1,0,0,978-1-4012-4686-0,The_Books_of_Magic,4.07,13477,NA,Neil Gaiman,Neil,Gaiman,Male,UK,USA,,11/10/60,White,
108,85,119,Miracleman: The Golden Age,17,1/1/93,Miracleman. The Golden Age.jpg,English,colour,0,0,1,978-0-7851-9055-4,Miracleman_The_Golden_Age,3.99,1146,NA,Neil Gaiman,Neil,Gaiman,Male,UK,USA,,11/10/60,White,
108,143,177,The Sandman. Vol. 2: The Doll's House,96,1/1/90,The Sandman. Vol. 2. The Doll's House.jpg,English,colour,0,0,1,978-1-4012-2799-9,The_Sandman_Vol_2_The_Dolls_House,4.44,65759,NA,Neil Gaiman,Neil,Gaiman,Male,UK,USA,,11/10/60,White,
115,34,62,City of Glass: The Graphic Novel,7,1/1/94,City of Glass.jpg,English,--> black&white,0,0,0,978-0-571-22633-7,City of Glass,3.92,4856,NA,Paul Auster,Paul,Auster,Male,USA,USA,,2/3/47,White,
116,87,121,"Mother, Come Home",3,1/1/03,"Mother, Come Home.jpg",English,colour,0,0,0,978-1-56097-973-9,Mother_Come_Home,4.08,2061,NA,Paul Hornschemeier,Paul,Hornschemeier,Male,USA,USA,,10/27/77,White,
117,60,93,Gemma Bovery,12,1/1/99,Gemma Bovery.jpg,English,monochrome,1,0,0,0-224-06114-3,Gemma_Bovery,3.76,1074,NA,Posy Simmonds,Posy,Simmonds,Female,UK,UK,,8/9/45,White,
119,123,158,"The Borden Tragedy: A Memoir of the Infamous Double Murder at Fall River, Mass., 1892 (A Treasury of Victorian Murder)",1,9/1/97,"The Borden Tragedy. A Memoir of the Infamous Double Murder at Fall River, Mass., 1892 (A Treasury of Victorian Murder).jpg",English,monochrome,0,0,0,978-1-56163-189-6,The Borden Tragedy,3.83,767,NA,Rick Geary,Rick,Geary,Male,USA,USA,,2/25/46,White,
120,121,156,The Book of Genesis,1,10/19/09,The Book of Genesis.jpg,English,colour,0,0,0,978-0-393-06102-4,The_Book_of_Genesis,4,3936,NA,Robert Crumb,Robert,Crumb,Male,USA,USA,,8/30/43,White,
121,29,58,Can't We Talk about Something More Pleasant?: A Memoir,0,5/6/14,Can't We Talk About Something More Pleasant. A Memoir.jpg,English,colour,0,0,0,978-1-60819-806-1,Cant_We_Talk_about_Something_More_Pleasant_A_Memoir,4.11,21183,NA,Roz Chast,Roz,Chast,Female,USA,USA,,11/26/54,White,
122,52,84,Exit Wounds,5,5/1/07,Exit Wounds.jpg,English,colour,0,0,0,978-1-897299-8,Exit_Wounds,3.57,4,NA,Rutu Modan,Rutu,Modan,Female,Israel,Israel,,1/1/66,White,
122,139,174,The Property,14,1/1/13,The Property.jpg,English,colour,0,0,0,978-1-77046-115-4,The_Property,3.93,3333,NA,Rutu Modan,Rutu,Modan,Female,Israel,Israel,,1/1/66,White,
123,66,99,How to Understand Israel in 60 Days or Less,2,11/3/10,How to Understand Israel in 60 Days or Less.jpg,English,colour,0,0,0,978-1-4012-2234-5,How_to_Understand_Israel_in_60_Days_or_Less,3.71,3097,NA,Sarah Glidden,Sarah,Glidden,Female,USA,USA,,6/16/80,White,
124,120,155,The Barn Owl's Wondrous Capers,0,1/9/07,The Barn Owl's Wondrous Capers.jpg,English,--> black&white,0,0,0,0-14400-108-x,The_Barn_Owls_Wondrous_Capers,3.51,206,NA,Sarnath Banerjee,Sarnath,Banerjee,Male,India,India,,1/1/72,Asian,
124,38,67,Corridor: A Graphic Novel,4,1/1/04,Corridor. A Graphic Novel.jpg,English,--> black&white,0,0,0,978-0-143-03138-3,,3.3,442,NA,Sarnath Banerjee,Sarnath,Banerjee,Male,India,India,,1/1/72,Asian,
125,71,104,"It's a Good Life, If You Don't Weaken",1,9/1/96,"It's a Good Life, If You Don't Weaken.jpg",English,colour,1,0,0,1-896597-70-x,Its_a_Good_Life_If_You_Dont_Weaken,3.79,4834,NA,Gregory Gallant,Gregory,Gallant,Male,,USA,,9/16/62,White,Seth
125,215,268,Wimbledon Green,2,12/13/05,Wimbledon Green.JPG,English,--> bichrome,0,0,0,1-896597-93-9,Wimbledon_Green,3.86,1395,NA,Gregory Gallant,Gregory,Gallant,Male,,USA,,9/16/62,White,Seth
125,216,269,"George Sprott, 1894-1975",2,5/26/09,"George Sprott, 1894-1975.jpg",English,colour,0,0,0,978-1-897299-51-7,George_Sprott_1894-1975,4.07,780,NA,Gregory Gallant,Gregory,Gallant,Male,,USA,,9/16/62,White,Seth
126,119,154,The Arrival,27,1/1/06,The Arrival.jpg,English,colour,0,0,0,978-0-439-89529-3,The_Arrival,4.33,38674,NA,Shaun Tan,Shaun,Tan,Male,Australia,Australia,,1/1/74,White,
128,140,175,The Puma Blues,2,9/16/15,The Puma Blues.jpg,English,--> black&white,1,0,0,978-0-486-79813-4,The_Puma_Blues,3.89,61,NA,Stephen Murphy,Stephen,Murphy,Male,USA,USA,,11/3/80,Unknown,
129,70,103,It's A Bird,7,5/1/04,It's a Bird.jpg,English,colour,0,0,0,1-4012-0311-6,Its_A_Bird,3.92,1038,NA,Steven T. Seagle,Steven T.,Seagle,Male,USA,USA,,,White,
130,147,183,The Thrilling Adventures of Lovelace and Babbage: The (Mostly) True Story of the First Computer,1,4/21/15,The Thrilling Adventures of Lovelace and Babbage. The (Mostly) True Story of the First Computer.jpg,English,--> black&white,0,0,0,978-0-307-90827-8,The_Thrilling_Adventures_of_Lovelace_and_Babbage_The_Mostly_True_Story_of_the_First_Computer,4.05,3027,NA,Sydney Padua,Sydney,Padua,Female,,,,,Unknown,
134,159,205,Justice League: A New Beginning,31,11/1/87,Justice League. A New Beginning.jpg,English,colour,0,0,1,0-930289-40-4,Justice_League_A_New_Beginning,4.11,4842,NA,Keith Ian Giffen,Keith Ian,Giffen,Male,USA,,,11/30/52,White,
135,161,207,Jaka's Story,0,10/1/90,Jaka's Story.jpg,English,monochrome,0,0,1,0-919359-123,Jakas_Story,4.07,929,NA,David Victor Sim,David Victor,Sim,Male,Canada,Canada,,11/30/52,White,
136,165,201,Kings in Disguise,2,3/1/90,Kings in Disguise.jpg,English,monochrome,1,0,0,978-0-393-32848-6,Kings_in_Disguise,3.84,309,NA,James Vance,James,Vance,Male,USA,,6/5/17,3/2/53,Unknown,
137,257,323,Kill My Mother,0,8/25/14,Kill My Mother.jpg,English,colour,0,0,0,978-0-87140-314-8,Kill_My_Mother,3.21,1342,NA,Jules Ralph Feiffer,Jules Ralph,Feiffer,Male,USA,USA,,1/26/29,White,
137,167,203,Tantrum!,4,1/1/79,Tantrum!.jpg,English,--> black&white,0,0,0,1-56097-282-3,Tantrum,3.73,90,NA,Jules Ralph Feiffer,Jules Ralph,Feiffer,Male,USA,USA,,1/26/29,White,
137,256,322,Cousin Joseph: A Graphic Novel,0,7/26/16,Cousin Joseph. A Graphic Novel.jpg,English,colour,0,0,0,978-1-63149-065-1,,3.35,194,NA,Jules Ralph Feiffer,Jules Ralph,Feiffer,Male,USA,USA,,1/26/29,White,
138,168,204,The Ballad of Doctor Richardson,1,1/1/94,The Ballad of Doctor Richardson.jpg,English,--> black&white,0,0,0,1-882402-18-9,The_Ballad_of_Doctor_Richardson,3.64,94,NA,Paul Pope,Paul,Pope,Male,USA,USA,,9/26/70,White,
140,122,209,The Books of Magic,4,4/14/93,The Books of Magic.jpg,English,colour,1,0,0,978-1-4012-4686-0,The_Books_of_Magic,4.07,13477,NA,Peter Gross,Peter,Gross,Male,USA,USA,,1/1/58,White,
160,114,210,Skim,6,1/1/08,Skim.jpg,English,monochrome,0,0,0,978-0-88899-964-1,Skim,3.79,9856,NA,Jillian Tamaki,Jillian,Tamaki,Female,Canada,USA,,,Other Race,
161,110,211,"Sex Criminals, Vol. 2: Two Worlds, One Cop",0,2/1/15,"Sex Criminals, Vol. 2. Two Worlds, One Cop.jpg",English,colour,0,0,1,978-1-63215-193-3,Sex_Criminals_Vol_2_Two_Worlds_One_Cop,4.06,11002,NA,Chip Zdarsky,Chip,Zdarsky,Male,Canada,Canada,,12/21/75,White,
161,109,212,"Sex Criminals, Vol. 1: One Weird Trick",0,4/16/14,"Sex Criminals, Vol. 1. One Weird Trick.jpg",English,colour,0,0,1,978-1-60706-946-1,Sex_Criminals_Vol_1_One_Weird_Trick,3.97,24725,NA,Chip Zdarsky,Chip,Zdarsky,Male,Canada,Canada,,12/21/75,White,
165,84,213,March: Book Two,1,1/20/15,March. Book Two.jpg,English,monochrome,0,0,0,978-1-60309-400-9,March_Book_Two,4.53,12848,NA,Andrew Aydin,Andrew,Aydin,Male,USA,USA,,8/25/83,White,
165,83,214,March: Book One,1,8/13/13,March. Book One.jpg,English,monochrome,0,0,0,978-1-60309-300-2,March_Book_One,4.35,25082,NA,Andrew Aydin,Andrew,Aydin,Male,USA,USA,,8/25/83,White,
170,159,215,Justice League: A New Beginning,31,11/1/87,Justice League. A New Beginning.jpg,English,colour,0,0,1,0-930289-40-4,Justice_League_A_New_Beginning,4.11,4842,NA,John Marc DeMatteis,John Marc,DeMatteis,Male,USA,USA,,12/15/53,White,
170,218,271,Brooklyn Dreams,3,4/1/03,Brooklyn Dreams.jpg,English,--> black&white,1,0,0,978-1613770801,Brooklyn_Dreams,3.66,274,NA,John Marc DeMatteis,John Marc,DeMatteis,Male,USA,USA,,12/15/53,White,
170,251,312,Greenberg the Vampire,0,1/1/86,Greenberg the Vampire.jpg,English,colour,1,0,0,978-0-7851-9791-1,Greenberg_the_Vampire,3.22,51,NA,John Marc DeMatteis,John Marc,DeMatteis,Male,USA,USA,,12/15/53,White,
179,43,216,Daytripper,2,2/1/10,Daytripper.jpg,English,colour,1,0,0,978-1-4012-2969-6,Daytripper,4.31,20498,NA,Fabio Moon,Fabio,Moon,Male,Brazil,Brazil,,6/5/76,Hispanic Origin,
184,268,337,Wonder Woman: The True Amazon,108,10/4/16,Wonder Woman. The True Amazon.jpg,English,colour,0,0,0,978-1-4012-4901-4,,3.72,1302,NA,Jill Thompson,Jill,Thompson,Female,USA,USA,,11/20/66,White,
184,20,218,Beasts of Burden: Animal Rites,0,6/30/10,Beasts of Burden. Animal Rites.jpg,English,colour,1,1,0,978-1-59582-513-1,Beasts_of_Burden_Animal_Rites,4.15,3512,NA,Jill Thompson,Jill,Thompson,Female,USA,USA,,11/20/66,White,
207,259,325,Ruins,8,10/6/15,Ruins.jpg,English,colour,0,0,0,978-1-906838-98-0,,3.8,581,NA,Peter Kuper,Peter,Kuper,Male,USA,USA,,9/22/58,White,
207,135,315,The Metamorphosis,20,8/3/03,The Metamorphosis.jpg,English,monochrome,0,0,0,978-1-4000-5299-8,The_Metamorphosis,3.78,2917,NA,Peter Kuper,Peter,Kuper,Male,USA,USA,,9/22/58,White,
209,170,224,The Diary of a Teenage Girl,4,1/1/02,The Diary of a Teenage Girl.jpg,English,monochrome,0,0,0,978-1-58394-063-1,The_Diary_of_a_Teenage_Girl,3.93,3337,NA,Phoebe Louise Adams Gloeckner,Phoebe Louise Adams,Gloeckner,Female,USA,USA,,12/22/60,White,
210,171,221,Stitches. A Memoir,11,9/8/09,Stitches. A Memoir.jpg,English,monochrome,0,0,0,978-1-6068-6751-8,Stitches_A_Memoir,4.03,20011,NA,David Small,David,Small,Male,USA,USA,,2/12/45,White,
211,172,222,Psychiatric Tales,1,1/1/10,Psychiatric Tales.jpg,English,--> black&white,0,0,0,978-1-906-653309,Psychiatric_Tales,3.6,1451,NA,Darryl Cunningham,Darryl,Cunningham,Male,UK,UK,,1/1/60,White,
213,177,229,Munnu: A Boy From Kashmir,1,6/18/15,Munnu. A Boy From Kashmir.jpg,English,--> black&white,0,0,0,978-0-00-751363-5,Munnu_A_Boy_From_Kashmir,4.33,347,NA,Malik Sajad,Malik,Sajad,Male,India,India,,1/1/87,Asian,
214,206,259,Market Day,2,3/30/10,Market Day.jpg,English,colour,0,0,0,978-1-897299-97-5,Market_Day,3.74,1007,NA,James Sturm,James,Sturm,Male,USA,USA,,1/1/65,White,
214,181,233,The Golem's Mighty Swing,1,7/1/01,The Golem's Mighty Swing.jpg,English,--> black&white,0,0,0,978-1-77046-283-0,,3.63,458,NA,James Sturm,James,Sturm,Male,USA,USA,,1/1/65,White,
215,183,235,Tricked,1,8/23/05,Tricked.jpg,English,--> black&white,0,0,0,978-1-891830-73-0,Tricked,3.79,1369,NA,Alex Robinson,Alex,Robinson,Male,USA,USA,,8/8/69,White,
215,185,237,Too Cool To Be Forgotten,0,8/4/08,Too Cool To Be Forgotten.jpg,English,--> black&white,0,0,0,978-1-891830-98-3,Too_Cool_To_Be_Forgotten,3.71,1774,NA,Alex Robinson,Alex,Robinson,Male,USA,USA,,8/8/69,White,
216,184,236,Pride of Baghdad,4,9/13/06,Pride of Baghdad.jpg,English,colour,0,0,0,978-1-4012-0315-3,,3.88,19011,NA,Brian K. Vaughan,Brian K.,Vaughan,Male,USA,USA,,7/17/76,White,
218,187,239,The Fifth Beatle: The Brian Epstein Story,1,11/1/13,The Fifth Beatle. The Brian Epstein Story.jpg,English,colour,0,0,0,978-1-61655-256-5,The_Fifth_Beatle_The_Brian_Epstein_Story,3.95,1684,NA,Vivek J. Tiwary,Vivek J.,Tiwary,Male,USA,USA,,5/15/73,Asian,
221,194,241,I Kill Giants,0,9/1/09,I Kill Giants.jpg,English,monochrome,1,0,0,978-1-60706-985-0,I_Kill_Giants,4.17,11453,NA,Joseph Kelly,Joseph,Kelly,Male,USA,Japan,,9/24/72,Other Race,
223,193,242,The Sculptor,2,2/3/15,The Sculptor.jpg,English,colour,0,0,0,978-1-59643-573-5,The_Sculptor,4,12049,NA,Scott McCloud,Scott,McCloud,Male,USA,USA,,6/10/60,White,
223,267,336,Understanding Comics: The Invisible Art,26,1/1/93,Understanding Comics. The Invisible Art.jpg,English,--> black&white,0,0,0,978-0-06-097625-5,,3.97,86067,NA,Scott McCloud,Scott,McCloud,Male,USA,USA,,6/10/60,White,
224,189,243,The Motherless Oven,0,10/21/14,The Motherless Oven.jpg,English,--> black&white,0,0,0,978-1-906838812,The_Motherless_Oven,3.68,849,NA,Rob Davis,Rob,Davis,Male,UK,UK,,,White,
224,192,246,Nelson,22,1/1/11,Nelson.jpg,English,colour,0,0,0,1906653232,Nelson,4.16,177,NA,Rob Davis,Rob,Davis,Male,UK,UK,,,White,
225,190,244,The Encyclopedia of Early Earth,0,10/3/13,The Encyclopedia of Early Earth.jpg,English,colour,0,0,0,978-0-316-22581-6,,4.08,4724,NA,Isabel Greenberg,Isabel,Greenberg,Female,UK,UK,,,White,
226,191,245,The Nao of Brown,1,10/1/12,The Nao of Brown.jpg,English,colour,0,0,0,978-1-906838-42-3,The_Nao_of_Brown,4.02,2714,NA,Glyn Dillon,Glyn,Dillon,Male,UK,UK,,1/1/71,White,
230,197,249,Beverly,0,1/26/16,Beverly.jpg,English,colour,0,0,0,978-1-77046-225-0,Beverly,3.98,553,NA,Nick Drnaso,Nick,Drnaso,Male,USA,USA,,1/1/89,White,
231,198,251,Here,4,12/4/14,Here.jpg,English,colour,0,0,0,978-0-375-40650-8,Here,4.18,6329,NA,Richard McGuire,Richard,McGuire,Male,USA,UK,,1/1/57,White,
234,201,254,Long Red Hair,0,9/21/15,Long Red Hair.jpg,English,colour,0,0,0,978-1-894994-95-8,Long_Red_Hair,3.42,368,NA,Meags Fitzgerald,Meags,Fitzgerald,Female,Canada,Canada,,,White,
235,202,255,Nod Away,0,2/15/16,Nod Away.jpg,English,--> black&white,0,0,0,9.78E+12,Nod_Away,3.66,175,NA,Joshua W. Cotter,Joshua W.,Cotter,Male,,,,,White,
236,204,257,Sacred Heart,0,7/1/15,Sacred Heart.png,English,--> black&white,0,0,0,978-1-60699-841-0,Sacred_Heart,3.74,887,NA,Liz Suburbia,Liz,Suburbia,Female,USA,USA,,,White,
237,209,260,The Oven,1,3/21/15,The Oven.jpg,English,colour,0,0,0,978-1-935233-33-6,The_Oven,3.31,350,NA,Sophie Goldstein,Sophie,Goldstein,Female,USA,USA,,,White,
238,207,262,Big Questions,1,4/12/11,Big Questions.jpg,English,--> black&white,0,0,0,978-1-77046-047-8,Big_Questions,4.14,3076,NA,Anders Nilsen,Anders,Nilsen,Male,USA,USA,,1/1/73,White,
239,217,270,Daddy's Girl,1,6/1/96,Daddy's Girl.jpg,English,--> black&white,0,0,0,978-1-56097-894-7,Daddy's Girl,3.77,277,NA,Debbie Drechsler,Debbie,Drechsler,Female,USA,USA,,1/1/53,White,
240,219,272,A History of Violence,7,1/1/97,A History of Violence.jpg,English,--> black&white,0,0,0,978-1-4012-3189-7,A_History_of_Violence,3.45,2060,NA,John Wagner,John,Wagner,Male,USA,USA,,1/1/49,White,
242,220,273,Stray Toasters,1,1/1/88,Stray Toasters.jpg,English,colour,1,0,0,978-1-58240-8231,Stray_Toasters,3.92,660,NA,Boleslav William Felix Robert Bill Sienkiewicz,Boleslav William Felix Robert Bill,Sienkiewicz,Male,USA,USA,,5/3/58,White,
243,221,274,Clumsy,3,1/1/02,Clumsy.jpg,English,--> black&white,0,0,0,978-0-9713597-6-5,Clumsy,3.79,4954,NA,Jeffrey Brown,Jeffrey,Brown,Male,USA,USA,,7/1/75,White,
244,222,275,La Perdida,6,1/1/06,La Perdida.jpg,English,--> black&white,1,0,0,978-0-375-71471-9,,3.33,1872,NA,Jessica Abel,Jessica,Abel,Female,USA,USA,,1/1/69,White,
246,224,277,We Are On Our Own,4,5/16/06,We Are On Our Own.jpg,English,monochrome,0,0,0,1-896597-20-3,We_Are_On_Our_Own,3.76,720,NA,Miriam Katin,Miriam,Katin,Female,Hungary,Israel,,,White,
255,232,285,Hark! A Vagrant,2,1/1/11,Hark! A Vagrant.jpg,English,--> black&white,0,0,0,978-1-77046-060-7,Hark_A_Vagrant,4.27,21451,NA,Kathryn Moira Beaton,Kathryn Moira,Beaton,Female,Canada,Canada,,9/8/83,White,
256,233,286,The Voyeurs,0,8/1/12,The Voyeurs.png,English,colour,0,0,0,978-0-9846814-0-2,The_Voyeurs,3.7,1074,NA,Gabrielle Bell,Gabrielle,Bell,Male,UK,USA,,3/24/76,White,
257,234,287,Anya's Ghost,0,6/7/11,Anya's Ghost.jpg,English,monochrome,0,0,0,978-1-250-04001-5,Anyas_Ghost,3.88,47643,NA,Vera Brosgol,Vera,Brosgol,Female,Russia,USA,,8/1/84,White,
258,235,288,Make Me a Woman,2,9/28/10,Make Me a Woman.jpg,English,colour,0,0,0,978-1-77046-021-8,,3.71,963,NA,Vanessa Davis,Vanessa,Davis,Female,USA,USA,,10/14/78,White,
260,237,289,Tanpopo Vol. 1,0,5/1/12,Tanpopo. Vol. 1.jpg,English,colour,0,1,0,978-1-60886-254-2,Tanpopo_Vol_1,3.78,79,NA,Camilla D'Errico,Camilla,D'Errico,Female,Canada,Canada,,9/30/80,White,
262,239,291,Special Exits,0,9/1/10,Special Exits.jpg,English,monochrome,0,0,0,978-1-60699-760-4,Special_Exits,3.96,1395,NA,Joyce Farmer,Joyce,Farmer,Female,USA,USA,,1/1/38,White,
263,240,292,An Age of License: a Travelogue,0,9/22/14,An Age of License. A Travelogue.png,English,--> black&white,0,0,0,978-1-60699-768-0,An_Age_of_License_a_Travelogue,3.81,3766,NA,Lucy Knisley,Lucy,Knisley,Female,USA,USA,,1/11/85,White,
264,76,109,Need More Love: A Graphic Memoir,4,2/1/07,Need More Love. A Graphic Memoir.jpg,English,--> black&white,0,0,0,978-1-84601-133-7,Need_More_Love_A_Graphic_Memoir,3.92,350,NA,Aline Kominsky-Crumb,Aline,Kominsky-Crumb,Female,USA,USA,,8/1/48,White,
265,238,290,"Tangles: A Story About Alzheimer's, My Mother, and Me",3,9/10/10,"Tangles. A Story About Alzheimer's, My Mother, and Me.jpg",English,--> black&white,0,0,0,978-1-61608-639-8,Tangles_A_Story_About_Alzheimers_My_Mother_and_Me,4.14,1015,NA,Sarah Leavitt,Sarah,Leavitt,Female,,Canada,,,White,
266,241,293,"Patsy Walker, A.K.A. Hellcat! Vol. 1: Hooked On A Feline",0,5/31/16,"Patsy Walker, A.K.A. Hellcat! Vol. 1. Hooked On A Feline.jpg",English,colour,1,0,0,978-1-302-90035-9,,3.97,2369,NA,Kate Leth,Kate,Leth,Female,Canada,USA,,9/29/88,White,
268,243,294,"Moon Girl and Devil Dinosaur, Vol. 1: BFF",0,7/5/16,"Moon Girl and Devil Dinosaur, Vol. 1. BFF.jpg",English,colour,0,0,1,978-1-302-90005-2,,3.87,3816,NA,Amy Reeder,Amy,Reeder,Female,USA,USA,,8/25/80,White,
269,243,295,"Moon Girl and Devil Dinosaur, Vol. 1: BFF",0,7/5/16,"Moon Girl and Devil Dinosaur, Vol. 1. BFF.jpg",English,colour,0,0,1,978-1-302-90005-2,,3.87,3816,NA,Brandon Montclare,Brandon,Montclare,Male,,USA,,,White,
271,244,296,Leaving Megalopolis,0,1/1/13,Leaving Megalopolis.png,English,colour,0,0,0,978-1-61655-559-7,Leaving_Megalopolis,3.77,482,NA,Gail Simone,Gail,Simone,Female,USA,USA,,7/29/74,White,
273,245,297,Omega: The Unknown,7,1/1/06,,English,colour,1,0,0,978-0-7851-3052-9,Omega_The_Unknown,3.61,864,NA,Stephen Ross Gerber,Stephen Ross,Gerber,Male,USA,USA,2/10/08,9/20/74,White,
274,245,298,Omega: The Unknown,7,1/1/06,,English,colour,1,0,0,978-0-7851-3052-9,Omega_The_Unknown,3.61,864,NA,Mary Skrenes,Mary,Skrenes,Female,,,,,White,
275,245,299,Omega: The Unknown,7,1/1/06,,English,colour,1,0,0,978-0-7851-3052-9,Omega_The_Unknown,3.61,864,NA,Scott Edelman,Scott,Edelman,Male,USA,USA,,1/1/55,White,
276,245,300,Omega: The Unknown,7,1/1/06,,English,colour,1,0,0,978-0-7851-3052-9,Omega_The_Unknown,3.61,864,NA,Roger Stern,Roger,Stern,Male,USA,USA,,9/17/50,White,
277,245,301,Omega: The Unknown,7,1/1/06,,English,colour,1,0,0,978-0-7851-3052-9,Omega_The_Unknown,3.61,864,NA,Steven Grant,Steven,Grant,Male,USA,USA,,10/22/53,White,
281,247,302,When David Lost His Voice,0,1/1/12,When David Lost His Voice.png,English,colour,0,0,0,978-1-906838-54-6,When_David_Lost_His_Voice,4.06,738,NA,Judith Vanistendael,Judith,Vanistendael,Female,Belgium,Belgium,,1/1/74,White,
284,246,305,Becoming Unbecoming,0,9/30/15,Becoming Unbecoming.jpg,English,--> black&white,0,0,0,978-1-908434-69-2,Becoming_Unbecoming,4.3,1308,NA,Una Una,Una,Una,Female,UK,UK,,,White,
285,249,308,New Spring,0,1/1/11,New Spring.jpg,English,colour,1,0,0,978-0-7653-2380-4,,3.93,1721,NA,James Oliver Rigney Jr. Robert Jordan,James Oliver Rigney Jr.,Robert Jordan,Male,USA,USA,9/16/07,10/17/48,White,
286,249,309,New Spring,0,1/1/11,New Spring.jpg,English,colour,1,0,0,978-0-7653-2380-4,,3.93,1721,NA,Charles Dixon Chuck,Charles Dixon,Chuck,Male,USA,USA,,3/14/54,White,
288,250,310,The Inhumans: By Right of Birth,3,1/1/13,The Inhumans. By Right of Birth.jpeg,English,colour,0,0,0,978-0-7851-8504-8,The_Inhumans_By_Right_of_Birth,3.33,60,NA,Ann Annie Nocenti,Ann Annie,Nocenti,Female,USA,USA,,1/17/57,White,
289,250,311,The Inhumans: By Right of Birth,3,1/1/13,The Inhumans. By Right of Birth.jpeg,English,colour,0,0,0,978-0-7851-8504-8,The_Inhumans_By_Right_of_Birth,3.33,60,NA,Lou Mougin,Lou,Mougin,Male,USA,USA,,1/1/54,White,
295,252,314,The Picture of Dorian Gray: A Graphic Novel,0,9/1/08,The Picture of Dorian Gray. A Graphic Novel.jpg,English,colour,0,0,0,978-1-4114-1593-5,The_Picture_of_Dorian_Gray_A_Graphic_Novel,4.13,43396,NA,Ian Edginton,Ian,Edginton,Male,UK,UK,,,White,
297,253,316,Prince of Persia: The Graphic Novel,0,9/2/08,Prince of Persia.jpg,English,colour,0,0,0,978-1-59643-207-9,,3.01,724,NA,Jordan Mechner,Jordan,Mechner,Male,USA,USA,,6/4/64,White,
298,253,317,Prince of Persia: The Graphic Novel,0,9/2/08,Prince of Persia.jpg,English,colour,0,0,0,978-1-59643-207-9,,3.01,724,NA,A. B. Sina,A. B.,Sina,Female,,,,,Unknown,
301,254,318,A Sailor's Story,0,8/1/87,A Sailor's Story.jpg,English,colour,0,0,0,978-0-486-79812-7,A_Sailors_Story,4.09,43,NA,Sam Glanzman,Sam,Glanzman,Male,USA,USA,7/12/17,12/5/24,White,
304,255,321,A Game of Thrones: The Graphic Novel Vol.1,1,3/27/12,A Game of Thrones.jpg,English,colour,0,1,0,978-0-440-42321-8,,4.47,27632,NA,Daniel James Abraham,Daniel James,Abraham,Male,USA,USA,,11/14/69,White,
306,258,324,The Cartoon History of the Universe III: From the Rise of Arabia to the Renaissance,1,10/21/02,The Cartoon History of the Universe III. From the Rise of Arabia to the Renaissanse.jpg,English,--> black&white,0,1,0,978-0-393-32403-7,,4.29,1567,NA,Larry Gonick,Larry,Gonick,Male,USA,USA,,8/24/46,White,
307,260,326,"Stray Bullets, Vol.1: Innocence of Nihilism",1,4/6/05,"Stray Bullets, Vol.1. Innocence of Nihilism.jpg",English,--> black&white,0,1,0,978-1-63215-113-1,,4.16,739,NA,David Lapham,David,Lapham,Male,USA,USA,,1/1/70,White,
308,186,330,Richard Stark's Parker: The Score,1,7/24/12,Richard Stark's Parker. The Score.jpg,English,colour,0,0,0,978-1613772089,Richard_Starks_Parker_The_Score,4.28,2060,NA,Donald Edwin Westlake (Richard Stark),Donald Edwin,Westlake (Richard Stark),Male,USA,USA,12/31/08,7/12/33,White,
308,105,140,Richard Stark's Parker: Slayground,0,12/17/13,Richard Stark's Parker. Slayground.jpg,English,colour,0,0,0,978-1613778128,Richard_Starks_Parker_Slayground,4.06,1033,NA,Donald Edwin Westlake (Richard Stark),Donald Edwin,Westlake (Richard Stark),Male,USA,USA,12/31/08,7/12/33,White,
308,262,328,Richard Stark's Parker: The Hunter,0,6/1/09,Richard Stark's Parker. The Hunter.jpg,English,monochrome,0,0,0,978-1613773994,,4.2,6388,NA,Donald Edwin Westlake (Richard Stark),Donald Edwin,Westlake (Richard Stark),Male,USA,USA,12/31/08,7/12/33,White,
309,263,332,Marvels,32,1/1/95,Marvels.jpg,English,colour,1,0,0,978-0-7851-4286-7,,4.22,23223,NA,Kurt Busiek,Kurt,Busiek,Male,USA,USA,,9/16/60,White,
310,264,333,Nimona,0,5/12/15,Nimona.jpg,English,colour,0,0,0,978-0-06-227823-4,,4.19,63337,NA,Noelle Stevenson,Noelle,Stevenson,Female,USA,USA,,12/31/91,White,
311,265,334,"Demon, Vol.1",8,10/13/16,Demon. Vol.1.jpg,English,colour,0,1,0,978-1-62672-452-5,,3.76,759,NA,Jason Shiga,Jason,Shiga,Male,USA,USA,,1/1/76,Asian,
315,271,340,My Favorite Thing Is Monsters,0,2/15/17,My Favorite Thing Is Monsters.jpg,English,colour,0,1,0,978-1-60699-959-2,,4.13,6985,NA,Emil Ferris,Emil,Ferris,Female,USA,USA,,1/1/62,White,